Keyword,Position,Previous position,Search Volume,Keyword Difficulty,CPC,URL,Traffic,Traffic (%),Traffic Cost,Competition,Number of Results,Trends,Timestamp,SERP Features by Keyword,Keyword Intents,Position Type
what to avoid when taking low dose naltrexone,11,13,9900,11,2.1,https://example.com/info/what-to-avoid-when-taking-low-dose-naltrexone.html,188,0.01,394.0,0.05,1800000,"[44,54,54,54,100,100,81,100,81,81,81,100]",2023-09-09,"Sitelinks, Indented, Related searches",informational,Organic
4 panel drug test,1,0,4400,29,2.62,https://example.com/blog/urine-4-panel-xm-occupational-health-testing-nyc/,143,0.01,374.0,0.08,396000000,"[100,81,100,81,66,81,81,100,100,100,100,100]",2023-09-09,"Video, Featured snippet, Image, People also ask, Popular products, Related searches",informational,People also ask
bzo drug test,1,1,1600,28,2.74,https://example.com/blog/bzo-drug-test-meaning-nyc/,105,0.0,287.0,0.02,243000,"[100,100,100,100,81,100,81,100,100,81,100,81]",2023-09-08,"Sitelinks, Reviews, Featured snippet, Image, People also ask, Indented, Related searches",informational,People also ask
ri corporate database,4,4,1300,27,2.93,https://example.com/info/ri-corporate-database-benefits.html,84,0.0,246.0,0.01,13000000,"[81,62,81,62,55,100,81,81,81,62,81,81]",2023-09-07,"Image pack, Indented, Related searches",informational,Organic
negative for intraepithelial lesion or malignancy,6,6,3600,29,2.9,https://example.com/blog/pap-smear-negative-intraepithelial-lesion-meaning/,79,0.0,229.0,0.0,99,"[81,81,81,81,81,100,100,100,81,100,100,81]",2023-09-05,"Sitelinks, Featured snippet, People also ask, Indented, Related searches",informational,Organic
gladiator protein,1,1,2400,12,1.21,https://example.com/blog/smoothie-king-gladiator-review/,78,0.0,94.0,0.47,3270000,"[100,79,66,66,66,100,100,100,100,100,100,100]",2023-09-06,"Image pack, Reviews, Video, Image, People also ask, Recipes, Indented, Related searches",informational,People also ask
anteroseptal infarct,7,7,3600,24,1.67,https://example.com/blog/anteroseptal-myocardial-infarction-symptoms-nao-medical/,68,0.0,113.0,0.03,157000,"[81,81,81,81,81,81,100,100,100,81,81,81]",2023-09-05,"Sitelinks, Featured snippet, Image, People also ask, Indented, Related searches","commercial, informational",Organic
hyperkalemia icd 10,9,0,6600,27,3.88,https://example.com/info/understanding-icd-10-hyperkalemia-causes-symptoms-treatment.html,59,0.0,228.0,0.0,392000,"[81,81,81,81,81,100,81,100,100,100,81,81]",2023-09-09,"Image pack, Featured snippet, Image, People also ask, Related searches","commercial, informational",Organic
hyperkalemia icd 10,10,11,6600,27,3.88,https://example.com/info/understanding-hyperkalemia-icd10-codes.html,46,0.0,178.0,0.0,392000,"[81,81,81,81,81,100,81,100,100,100,81,81]",2023-09-09,"Image pack, Featured snippet, Image, People also ask, Related searches","commercial, informational",Organic
triancinolona acetonida,5,5,1900,28,1.24,https://example.com/info/triancinolona-acetonida-uses-side-effects-precautions.html,45,0.0,55.0,0.03,56800,"[79,66,79,79,79,100,100,100,100,79,79,79]",2023-09-07,"Knowledge panel, Image pack, Sitelinks, Video, Image, People also ask, Indented, Related searches",informational,Organic
ozempic nausea relief,6,0,1900,28,4.22,https://example.com/info/managing-ozempic-nausea-tips-strategies-relief-2.html,41,0.0,173.0,0.06,750000,"[34,55,55,55,65,82,82,100,100,100,82,65]",2023-09-09,"Sitelinks, Video, Image, People also ask, Related searches",informational,Organic
webster bank hours,6,6,1900,17,1.18,https://example.com/info/webster-bank-hours.html,41,0.0,48.0,0.02,16200000,"[54,79,79,79,100,66,66,79,41,66,79,100]",2023-09-06,"Image pack, Reviews, Featured snippet, People also ask, Related searches",informational,Organic
how long does nausea last with wegovy,3,3,1300,22,3.66,https://example.com/info/how-long-does-nausea-from-wegovy-last.html,39,0.0,142.0,0.04,338000,"[16,13,13,10,16,66,100,100,100,100,100,100]",2023-09-03,"Image pack, Sitelinks, Featured snippet, Image, People also ask, Related searches",informational,Organic
boric acid for uti,5,5,1600,29,2.32,https://example.com/blog/boric-acid-solution-uti-treatment/,38,0.0,88.0,1.0,416000,"[68,100,68,52,68,84,68,84,84,84,84,84]",2023-09-07,"Sitelinks, Featured snippet, Image, People also ask, Related searches",informational,Organic
is tropical smoothie healthy,7,7,1900,27,1.71,https://example.com/blog/is-tropical-smoothie-cafe-healthy-review-2/,36,0.0,61.0,0.01,25900000,"[79,66,54,54,41,79,79,79,79,100,100,79]",2023-09-08,"Sitelinks, Reviews, Video, Featured snippet, People also ask, FAQ, Recipes, Related searches",informational,Organic
16 panel drug test,1,1,1000,19,1.1,https://example.com/blog/does-sarms-show-up-on-a-drug-test-nyc/,32,0.0,35.0,0.45,283000000,"[76,76,76,55,55,67,67,76,67,76,100,76]",2023-09-08,"Ads bottom, People also ask","commercial, informational",People also ask
does united healthcare cover wegovy for weight loss,4,56,1300,29,3.15,https://example.com/info/wegovy-united-healthcare-coverage.html,31,0.0,97.0,0.22,220000,"[4,8,13,24,24,79,79,100,79,100,100,66]",2023-09-09,"People also ask, Indented, Related searches",informational,Organic
does united healthcare cover wegovy for weight loss,5,0,1300,29,3.15,https://example.com/info/does-united-care-cover-wegovy.html,31,0.0,97.0,0.22,220000,"[4,8,13,24,24,79,79,100,79,100,100,66]",2023-09-09,"People also ask, Indented, Related searches",informational,Organic
what happens if ozempic is not refrigerated before first use,5,5,1300,26,3.46,https://example.com/blog/what-happens-if-ozempic-is-not-refrigerated-before-first-use/,31,0.0,107.0,0.12,91,"[0,0,0,2,41,100,100,100,100,100,100,79]",2023-09-03,"Sitelinks, Reviews, Video, Featured snippet, Ads top, Ads bottom, People also ask, Indented, Related searches",informational,Organic
how long does nausea last with wegovy,4,4,1300,22,3.66,https://example.com/blog/how-long-does-nausea-last-with-wegovy/,31,0.0,113.0,0.04,338000,"[16,13,13,10,16,66,100,100,100,100,100,100]",2023-09-03,"Image pack, Sitelinks, Featured snippet, Image, People also ask, Related searches",informational,Organic
nkda allergy,5,5,1300,28,1.58,https://example.com/info/nkda-medical-understanding-non-known-drug-allergies.html,31,0.0,48.0,0.0,76700,"[84,100,84,84,52,37,68,84,68,100,31,100]",2023-09-06,"Image pack, Sitelinks, Featured snippet, Image, People also ask, Related searches",informational,Organic
mounjaro pen malfunction,2,2,1000,28,3.41,https://example.com/info/fix-mounjaro-pen-misfire.html,30,0.0,102.0,0.13,51,"[0,20,76,100,76,76,100,76,76,76,76,100]",2023-09-07,"Sitelinks, Reviews, Video, Video Carousel, People also ask, Related searches",informational,Organic
boric acid for uti,7,7,1600,29,2.32,https://example.com/blog/boric-acid-uti-prevention/,30,0.0,69.0,1.0,416000,"[68,100,68,52,68,84,68,84,84,84,84,84]",2023-09-07,"Sitelinks, Featured snippet, Image, People also ask, Related searches",informational,Organic
lingular pneumonia,3,3,1000,28,1.45,https://example.com/lingular-pneumonia-icd-10-symptoms-causes-treatment-nao-medical/,30,0.0,43.0,0.03,42500,"[55,55,100,100,76,100,100,100,100,76,76,76]",2023-09-08,"Image, People also ask, Related searches",informational,Organic
can ozempic cause joint pain,7,7,1600,19,4.2,https://example.com/info/ozempic-cause-joint-pain.html,30,0.0,126.0,0.03,267000,"[52,68,68,52,68,84,84,100,100,100,84,68]",2023-09-03,"Featured snippet, Image, Ads bottom, People also ask, Indented, Related searches",informational,Organic
nonischemic cardiomyopathy icd 10,7,7,1300,23,3.99,https://example.com/info/understanding-nonischemic-cardiomyopathy-icd-10.html,24,0.0,95.0,0.0,72,"[81,81,81,62,81,81,81,81,81,100,100,100]",2023-09-06,"Featured snippet, Image, People also ask, Indented, Related searches",informational,Organic
rib out of place self adjustment,7,7,1300,8,3.67,https://example.com/info/self-adjust-back-rib-out-of-place.html,24,0.0,88.0,0.01,6460000,"[84,100,68,84,84,84,100,84,52,46,46,52]",2023-09-08,"Reviews, Video, Featured snippet, People also ask",informational,Organic
ketamine lozenges,11,11,1300,13,2.5,https://example.com/info/ketamine-lozenges-prescription.html,24,0.0,60.0,0.39,98900,"[62,55,55,100,81,100,81,62,81,81,81,55]",2023-09-09,"Image, Indented, Related searches",informational,Organic
drinking night before pre employment drug test,4,4,1000,20,1.28,https://example.com/blog/can-i-drink-alcohol-before-a-drug-test-nyc/,24,0.0,30.0,0.01,12800000,"[100,100,76,76,76,100,100,67,76,76,76,76]",2023-09-08,"Sitelinks, People also ask, FAQ, Related searches",informational,Organic
136 86 blood pressure,7,7,1300,26,1.14,https://example.com/is-136-86-high-blood-pressure-understanding-blood-pressure-readings/,24,0.0,27.0,0.0,96100000,"[62,81,62,55,55,81,81,100,81,81,81,81]",2023-09-04,"Featured snippet, Image, People also ask, Indented, Related searches",informational,Organic
moderate persistent asthma icd 10,6,6,1000,26,4.98,https://example.com/blog/moderate-persistent-asthma-icd-10-nao-medical-2/,22,0.0,109.0,0.01,232000,"[67,100,100,76,67,67,100,67,67,67,76,76]",2023-09-10,"Featured snippet, People also ask, Indented, Related searches",informational,Organic
can you ovulate without a period,12,12,4400,25,1.42,https://example.com/info/can-you-still-ovulate-and-not-have-a-period.html,22,0.0,31.0,0.01,4430000,"[81,66,66,81,81,81,66,81,81,81,66,81]",2023-09-10,"Sitelinks, Featured snippet, People also ask, Indented, Related searches",informational,Organic
gladiator protein,8,8,2400,12,1.21,https://example.com/blog/smoothie-king-gladiator-protein-benefits-risks-alternatives/,21,0.0,25.0,0.47,3270000,"[100,79,66,66,66,100,100,100,100,100,100,100]",2023-09-06,"Image pack, Reviews, Video, Image, People also ask, Recipes, Indented, Related searches",informational,Organic
amoxicillin for std,8,8,1600,20,1.7,https://example.com/info/can-i-take-amoxicillin-for-std.html,20,0.0,34.0,0.1,1290000,"[84,84,100,84,84,100,68,100,84,100,68,84]",2023-09-05,"Sitelinks, Reviews, Image, People also ask, Indented, Related searches","commercial, informational",Organic
how long does ozempic fatigue last,8,8,1600,27,4.19,https://example.com/info/ozempic-and-exhaustion-causes-symptoms-management.html,20,0.0,83.0,0.06,773000,"[10,20,24,36,79,79,79,100,79,100,79,79]",2023-09-03,"Sitelinks, Featured snippet, Ads bottom, People also ask, Related searches",informational,Organic
kapspargo sprinkle,10,10,2900,15,2.25,https://example.com/info/how-to-take-kapspargo-sprinkle-dosage-instructions-tips.html,20,0.0,45.0,0.02,97,"[80,80,80,80,52,100,100,100,80,80,80,66]",2023-09-06,"Image pack, Sitelinks, Video, Image, People also ask, Related searches","commercial, informational",Organic
can ozempic cause joint pain,8,8,1600,19,4.2,https://example.com/does-ozempic-cause-joint-pain/,20,0.0,84.0,0.03,267000,"[52,68,68,52,68,84,84,100,100,100,84,68]",2023-09-03,"Featured snippet, Image, Ads bottom, People also ask, Indented, Related searches",informational,Organic
wegovy side effects with alcohol,7,7,1000,15,6.14,https://example.com/info/can-i-drink-alcohol-with-wegovy-effects-risks-recommendations.html,19,0.0,116.0,0.07,271000000,"[7,8,13,11,13,46,84,84,84,84,84,100]",2023-09-07,"Sitelinks, Video, Featured snippet, Image, People also ask, Related searches",informational,Organic
midol vs ibuprofen,7,7,1000,23,1.55,https://example.com/blog/coping-with-menstrual-pain-advil-vs-midol/,19,0.0,29.0,0.01,222000,"[76,67,76,67,67,76,76,76,76,76,76,76]",2023-09-09,"Sitelinks, Image, People also ask, Related searches",informational,Organic
hypertriglyceridemia icd 10,11,11,3600,26,6.24,https://example.com/info/understanding-hypertriglyceridemia-icd10-causes-symptoms-treatment.html,18,0.0,112.0,0.0,104000,"[81,81,81,81,65,81,81,100,81,81,100,81]",2023-09-06,"Featured snippet, Image, People also ask, Indented, Related searches",informational,Organic
allen cognitive levels,11,11,1900,26,2.88,https://example.com/info/allen-cognitive-levels-screen-guide.html,17,0.0,48.0,0.01,65000000,"[79,66,54,54,54,66,79,100,100,100,100,79]",2023-09-05,"Image pack, Sitelinks, Reviews, Video, Featured snippet, People also ask, FAQ, Indented, Related searches",informational,Organic
maternit21 test,9,9,1900,26,2.61,https://example.com/info/what-does-maternit21-test-for.html,17,0.0,44.0,0.03,116000,"[100,79,79,79,66,100,79,79,66,66,66,66]",2023-09-05,"Video, Image, People also ask, FAQ, Indented, Related searches","commercial, informational",Organic
can you ovulate without a period,13,13,4400,25,1.42,https://example.com/info/can-you-ovulate-and-not-have-a-period.html,17,0.0,24.0,0.01,4430000,"[81,66,66,81,81,81,66,81,81,81,66,81]",2023-09-10,"Sitelinks, Featured snippet, People also ask, Indented, Related searches",informational,Organic
8 panel drug test,9,9,1900,22,2.88,https://example.com/blog/8-panel-mql-drug-test-nyc-2/,17,0.0,48.0,0.43,315000000,"[100,100,100,84,84,100,84,100,100,100,100,84]",2023-09-06,"Image pack, Sitelinks, Reviews, Video, Image, People also ask, FAQ, Indented, Popular products, Related searches","commercial, informational",Organic
nonischemic cardiomyopathy icd 10,8,8,1300,23,3.99,https://example.com/info/understanding-icd-10-nonischemic-cardiomyopathy.html,16,0.0,63.0,0.0,72,"[81,81,81,62,81,81,81,81,81,100,100,100]",2023-09-06,"Featured snippet, Image, People also ask, Indented, Related searches",informational,Organic
potassium chloride 10 meq,8,8,1300,27,1.17,https://example.com/info/potassium-chloride-extended-release-10-meq-uses-side-effects-dosage.html,16,0.0,18.0,0.33,73,"[81,81,100,81,81,100,81,81,81,100,100,100]",2023-09-06,"Image pack, Image, People also ask, Related searches","commercial, informational",Organic
outback allergen menu,8,8,1300,17,1.41,https://example.com/blog/outback-ingredients-allergy-menu-nao-medical/,16,0.0,22.0,0.01,184000,"[62,81,81,62,100,100,100,81,81,100,100,81]",2023-09-07,"Reviews, People also ask, Related searches",informational,Organic
ketamine lozenges,12,12,1300,13,2.5,https://example.com/info/ketamine-lozenges-vs-iv-treatment.html,16,0.0,40.0,0.39,98900,"[62,55,55,100,81,100,81,62,81,81,81,55]",2023-09-09,"Image, Indented, Related searches",informational,Organic
does triamcinolone acetonide cream lighten skin,14,13,5400,26,2.93,https://example.com/info/triamcinolone-acetonide-for-face-benefits-usage-precautions.html,16,0.0,46.0,0.01,86,"[43,43,43,43,81,100,81,81,100,100,100,81]",2023-09-09,"Sitelinks, Image, People also ask, Related searches","commercial, informational",Organic
are nature valley bars healthy,8,8,1300,23,1.56,https://example.com/blog/nature-valley-granola-bars-diet/,16,0.0,24.0,0.15,17200000,"[84,52,68,46,46,84,84,100,84,84,68,68]",2023-09-06,"Sitelinks, Reviews, Video, People also ask, Indented, Related searches","informational, transactional",Organic
136 86 blood pressure,8,8,1300,26,1.14,https://example.com/blog/blood-pressure-136-86-nao-medical/,16,0.0,18.0,0.0,96100000,"[62,81,62,55,55,81,81,100,81,81,81,81]",2023-09-04,"Featured snippet, Image, People also ask, Indented, Related searches",informational,Organic
how much does electrolysis cost,8,8,1300,27,3.43,https://example.com/info/how-much-does-electrolysis-cost-for-face.html,16,0.0,54.0,0.35,25800000,"[81,81,81,81,62,100,81,81,81,81,81,81]",2023-09-07,"Sitelinks, Reviews, Video, Featured snippet, Image, People also ask, Related searches",informational,Organic
costco smoothie packs,4,4,1300,18,1.1,https://example.com/is-costco-smoothie-healthy/,15,0.0,16.0,0.48,1290000,"[84,68,68,52,46,100,84,84,68,68,84,84]",2023-09-07,"Image pack, Sitelinks, Reviews, Video, Image, People also ask, Recipes, Indented, Related searches",informational,People also ask
amoxicillin for std,9,9,1600,20,1.7,https://example.com/info/does-amoxicillin-treat-stds-3.html,14,0.0,23.0,0.1,1290000,"[84,84,100,84,84,100,68,100,84,100,68,84]",2023-09-05,"Sitelinks, Reviews, Image, People also ask, Indented, Related searches","commercial, informational",Organic
how long does ozempic fatigue last,9,9,1600,27,4.19,https://example.com/info/can-ozempic-cause-fatigue-2.html,14,0.0,58.0,0.06,773000,"[10,20,24,36,79,79,79,100,79,100,79,79]",2023-09-03,"Sitelinks, Featured snippet, Ads bottom, People also ask, Related searches",informational,Organic
does vitamin water have caffeine,9,9,1600,28,8.8,https://example.com/blog/how-much-caffeine-in-vitamin-water-focus/,14,0.0,123.0,0.08,52000000,"[84,84,84,68,68,68,84,100,84,84,68,84]",2023-09-07,"Sitelinks, Reviews, Video, Featured snippet, People also ask, Recipes, Related searches",informational,Organic
how long does temporary erectile dysfunction last,8,55,1000,23,3.75,https://example.com/blog/temporary-erectile-dysfunction-last/,13,0.0,48.0,0.13,2780000,"[100,100,100,100,100,100,67,45,24,55,55,55]",2023-09-09,"Sitelinks, Featured snippet, People also ask, Related searches",informational,Organic
wegovy side effects with alcohol,8,8,1000,15,6.14,https://example.com/info/can-you-drink-alcohol-while-on-wegovy.html,13,0.0,79.0,0.07,271000000,"[7,8,13,11,13,46,84,84,84,84,84,100]",2023-09-07,"Sitelinks, Video, Featured snippet, Image, People also ask, Related searches",informational,Organic
how much is mounjaro without insurance,14,12,4400,15,1.23,https://example.com/health/mounjaro-savings-card-without-insurance/?amp=1,13,0.0,15.0,0.42,672000,"[7,28,54,100,66,81,81,81,81,100,100,81]",2023-09-09,"Reviews, People also ask, FAQ, Indented, Related searches",informational,Organic
8 panel drug test,10,10,1900,22,2.88,https://example.com/info/what-does-8-panel-drug-test-test-for.html,13,0.0,37.0,0.43,315000000,"[100,100,100,84,84,100,84,100,100,100,100,84]",2023-09-06,"Image pack, Sitelinks, Reviews, Video, Image, People also ask, FAQ, Indented, Popular products, Related searches","commercial, informational",Organic
4 panel drug test,14,0,4400,29,2.62,https://example.com/blog/what-is-a-4-panel-drug-test-everything-you-need-to-know/,13,0.0,34.0,0.08,396000000,"[100,81,100,81,66,81,81,100,100,100,100,100]",2023-09-09,"Video, Featured snippet, Image, People also ask, Popular products, Related searches",informational,Organic
vestura birth control,10,10,2400,18,2.64,https://example.com/info/vestura-birth-control-everything-you-need-to-know.html,12,0.0,31.0,0.07,45500,"[100,82,82,82,82,100,82,82,82,82,82,82]",2023-09-06,"Image pack, Sitelinks, Image, People also ask, Related searches",informational,Organic
arthralgia and myalgia,9,9,1300,24,1.15,https://example.com/info/myalgia-vs-arthralgia-understanding-difference-treatment-options.html,11,0.0,12.0,0.02,2170000,"[8,30,41,20,79,79,41,7,100,79,100,100]",2023-09-07,"Image pack, Sitelinks, Video, Featured snippet, Image, People also ask, Indented, Related searches","commercial, informational",Organic
are nature valley bars healthy,9,9,1300,23,1.56,https://example.com/blog/is-nature-valley-granola-bars-healthy/,11,0.0,17.0,0.15,17200000,"[84,52,68,46,46,84,84,100,84,84,68,68]",2023-09-06,"Sitelinks, Reviews, Video, People also ask, Indented, Related searches","informational, transactional",Organic
glutathione before and after,9,9,1300,16,1.13,https://example.com/info/glutathione-injections-before-and-after.html,9,0.0,10.0,0.08,51000000,"[100,81,81,81,81,81,81,81,62,62,62,55]",2023-09-04,"Image pack, Reviews, Video, Image, People also ask, Indented, Related searches",informational,Organic
kurvelo birth control,10,10,1300,19,1.95,https://example.com/info/kurvelo-birth-control-guide.html,9,0.0,17.0,0.12,27000,"[84,84,68,68,68,84,84,84,52,46,68,84]",2023-09-06,"Sitelinks, Featured snippet, Image, People also ask, Related searches","commercial, informational",Organic
calcinosis cutis dog,12,12,1900,24,1.32,https://example.com/blog/calcinosis-cutis-dog/,9,0.0,11.0,0.01,63800,"[66,79,66,79,66,66,79,100,66,100,79,79]",2023-09-05,"Video, Featured snippet, People also ask, Related searches",informational,Organic
vestura birth control,12,12,2400,18,2.64,https://example.com/info/vestura-contraceptive-pill.html,9,0.0,23.0,0.07,45500,"[100,82,82,82,82,100,82,82,82,82,82,82]",2023-09-06,"Image pack, Sitelinks, Image, People also ask, Related searches",informational,Organic
arthralgia and myalgia,10,10,1300,24,1.15,https://example.com/info/arthralgia-myalgia-causes-symptoms-treatment.html,9,0.0,10.0,0.02,2170000,"[8,30,41,20,79,79,41,7,100,79,100,100]",2023-09-07,"Image pack, Sitelinks, Video, Featured snippet, Image, People also ask, Indented, Related searches","commercial, informational",Organic
does uti cause bloating,9,9,1000,25,1.62,https://example.com/info/can-uti-make-you-feel-bloated.html,9,0.0,14.0,0.02,57,"[76,76,67,67,55,67,36,100,76,100,76,76]",2023-09-06,"Sitelinks, Featured snippet, Image, People also ask, Indented, Related searches",informational,Organic
signs of a bad physical therapist,9,9,1000,16,4.99,https://example.com/info/signs-of-a-bad-physical-therapist-identify-avoid-incompetent-practitioners.html,9,0.0,44.0,0.02,69000000,"[76,76,76,76,67,76,67,76,67,67,67,67]",2023-09-08,"Video, Featured snippet, People also ask, Related searches",informational,Organic
pentylene glycol,11,11,1900,20,2.14,https://example.com/info/pentylene-glycol-in-skin-care.html,9,0.0,19.0,0.04,8470000,"[79,66,79,79,66,100,79,100,79,79,79,79]",2023-09-05,"Knowledge panel, Sitelinks, Reviews, Video, Image, People also ask, Related searches",informational,Organic
proteinuria icd 10,16,16,2900,21,11.01,https://example.com/info/icd-10-code-for-protein-in-urine.html,8,0.0,88.0,0.01,62,"[82,82,82,82,82,100,82,100,100,100,100,100]",2023-09-05,"Image pack, Featured snippet, People also ask, Indented, Related searches",informational,Organic
does vitamin water have electrolytes,13,13,1900,27,2.06,https://example.com/info/do-vitamin-waters-have-electrolytes.html,7,0.0,14.0,0.02,21500000,"[79,79,79,66,66,79,79,79,66,66,79,100]",2023-09-07,"Sitelinks, Reviews, Video, Featured snippet, People also ask, Recipes, Related searches","commercial, informational",Organic
pendulous breasts,13,13,1900,17,1.68,https://example.com/info/pendulous-breast-causes.html,7,0.0,11.0,0.01,593000,"[100,100,79,41,79,79,79,79,100,79,36,66]",2023-09-05,"Sitelinks, Reviews, People also ask","commercial, informational",Organic
why am i gaining weight on ozempic,10,54,1000,18,3.15,https://example.com/info/gaining-weight-on-ozempic-causes-solutions-tips-2.html,7,0.0,22.0,0.05,1390000,"[36,30,30,36,36,81,100,100,62,81,100,100]",2023-09-09,"Sitelinks, Video, Featured snippet, People also ask, Indented, Related searches",informational,Organic
does uti cause bloating,10,10,1000,25,1.62,https://example.com/info/do-you-feel-bloated-with-a-uti.html,7,0.0,11.0,0.02,57,"[76,76,67,67,55,67,36,100,76,100,76,76]",2023-09-06,"Sitelinks, Featured snippet, Image, People also ask, Indented, Related searches",informational,Organic
exophytic fibroid,9,9,1000,25,3.93,https://example.com/info/exophytic-fibroid-uterus-causes-symptoms-treatment.html,7,0.0,27.0,0.02,28300,"[67,67,67,67,67,76,76,100,76,76,76,67]",2023-09-03,"Image pack, Sitelinks, Image, People also ask, Indented, Related searches",informational,Organic
gleem toothpaste,9,9,1000,25,1.99,https://example.com/info/benefits-of-gleem-toothpaste.html,7,0.0,13.0,1.0,120000,"[76,76,100,100,76,100,76,100,76,76,55,100]",2023-09-06,"Knowledge panel, Reviews, Video, Image, People also ask, Indented, Popular products, Related searches","informational, transactional",Organic
gas station drinks,19,0,4400,19,1.88,https://example.com/info/healthy-gas-station-drinks-guide.html,6,0.0,11.0,0.12,60000000,"[81,81,81,100,81,100,66,81,66,66,66,66]",2023-09-09,"Image pack, Sitelinks, Video, Image, People also ask, Recipes, Related searches",informational,Organic
where to inject mounjaro,12,12,1300,16,3.41,https://example.com/info/inject-mounjaro-thigh.html,6,0.0,20.0,0.07,1560000,"[24,45,81,81,62,81,81,81,81,100,81,81]",2023-09-06,"Sitelinks, Video, Featured snippet, Image, People also ask, Indented, Related searches",informational,Organic
4 panel drug test,17,0,4400,29,2.62,https://example.com/info/4-panel-urine-drug-test.html,6,0.0,15.0,0.08,396000000,"[100,81,100,81,66,81,81,100,100,100,100,100]",2023-09-09,"Video, Featured snippet, Image, People also ask, Popular products, Related searches",informational,Organic
salicylic acid and vitamin c,12,12,1300,25,1.14,https://example.com/blog/can-salicylic-acid-and-vitamin-c-be-used-together/,6,0.0,6.0,0.95,21100000,"[81,62,81,55,62,81,81,81,81,81,100,81]",2023-09-06,"Sitelinks, Reviews, Video, Image, People also ask, FAQ, Popular products, Related searches","commercial, informational",Organic
enskyce birth control,14,14,1900,25,1.9,https://example.com/info/enskyce-birth-control.html,5,0.0,9.0,0.09,89,"[79,79,100,79,79,79,79,100,79,79,79,79]",2023-09-06,"Sitelinks, Featured snippet, Image, People also ask, Related searches",informational,Organic
watson 795 blue pill,11,11,1000,19,2.25,https://example.com/blog/watson-795-blue-pill-side-effects-nao-medical/,5,0.0,11.0,0.0,57,"[76,76,100,76,76,67,67,67,76,76,67,67]",2023-09-07,"Featured snippet, Image, People also ask, Related searches",informational,Organic
overactive bladder icd 10,21,21,3600,26,1.2,https://example.com/info/understanding-icd-10-codes-for-urinary-urgency.html,5,0.0,6.0,0.0,131000,"[81,81,100,81,81,65,100,100,81,100,100,100]",2023-09-07,"Image pack, Featured snippet, Image, People also ask, Related searches",informational,Organic
is trt covered by insurance,12,12,1000,23,3.69,https://example.com/info/can-trt-be-covered-by-insurance.html,5,0.0,18.0,0.21,3670000,"[76,76,76,67,100,100,76,100,76,76,76,100]",2023-09-08,"Video, Featured snippet, People also ask, FAQ, Indented, Related searches",informational,Organic
allium allergy,15,15,1600,29,1.8,https://example.com/blog/allium-free-diet-guide-nao-medical/,4,0.0,7.0,0.0,3550000,"[84,84,84,84,84,100,84,100,100,100,100,100]",2023-09-08,"Image pack, Sitelinks, Featured snippet, Image, People also ask, Related searches",informational,Organic
polymorphonuclear leukocytes,23,23,2900,22,3.19,https://example.com/info/polymorphonuclear-leukocytes-meaning.html,4,0.0,12.0,0.0,0,"[65,81,81,65,54,81,100,81,81,65,65,65]",2023-09-05,"Knowledge panel, Carousel, Sitelinks, Video, Featured snippet, People also ask, Indented, Related searches",informational,Organic
dapp vaccine,18,18,2900,25,2.13,https://example.com/blog/what-does-dapp-vaccine-stand-for/,4,0.0,8.0,0.04,1180000,"[100,80,80,66,66,80,80,100,80,100,100,100]",2023-09-04,"Sitelinks, Reviews, People also ask, Related searches","commercial, informational",Organic
how long do poppy seeds stay in your system,18,0,1600,29,1.36,https://example.com/blog/poppy-seeds-show-up-in-drug-tests-nyc/,4,0.0,5.0,0.0,3900000,"[100,68,46,46,68,84,68,84,84,100,84,68]",2023-09-09,"Ads top, Indented",informational,Organic
how long do poppy seeds stay in your system,19,19,1600,29,1.36,https://example.com/blog/poppy-seeds-fail-drug-test-nyc/,4,0.0,5.0,0.0,3900000,"[100,68,46,46,68,84,68,84,84,100,84,68]",2023-09-09,"Ads top, Indented",informational,Organic
drvvt screen,16,16,1600,22,1.76,https://example.com/info/understanding-drvvt-screen-comprehensive-guide.html,4,0.0,7.0,0.0,97,"[84,84,84,84,68,84,100,100,84,100,100,100]",2023-09-06,"Image, People also ask, Indented, Related searches","commercial, informational",Organic
metodo del ritmo,16,16,1600,19,1.73,https://example.com/info/metodo-del-ritmo-como-funciona.html,4,0.0,6.0,0.0,23500000,"[68,68,84,68,68,68,84,100,84,84,84,68]",2023-09-05,"Knowledge panel, Video, Featured snippet, Image, People also ask, Related searches",informational,Organic
fruity pebbles nutrition facts,15,15,1600,18,1.95,https://example.com/health/iso-100-fruity-pebbles-nutrition-facts/,4,0.0,7.0,0.33,1240000,"[68,100,84,68,52,84,84,100,84,68,52,52]",2023-09-06,"Knowledge panel, Image pack, Reviews, Featured snippet, People also ask, Indented, Related searches",informational,Organic
encapsulated breast implant,14,14,1000,19,3.26,https://example.com/info/breast-implants-encapsulated-causes-symptoms-treatment.html,3,0.0,9.0,0.07,212000,"[100,76,100,100,67,67,67,76,67,76,67,55]",2023-09-04,"People also ask, Related searches",informational,Organic
encapsulated breast implant,15,15,1000,19,3.26,https://example.com/info/encapsulated-breast-implants.html,3,0.0,9.0,0.07,212000,"[100,76,100,100,67,67,67,76,67,76,67,55]",2023-09-04,"People also ask, Related searches",informational,Organic
endosteal implant,20,20,2400,9,5.25,https://example.com/info/what-is-endosteal-implant.html,3,0.0,15.0,0.18,228000,"[65,65,82,65,65,100,100,100,82,82,82,82]",2023-09-06,"Sitelinks, Image, People also ask, Indented, Related searches",informational,Organic
endosteal implant,21,21,2400,9,5.25,https://example.com/info/what-is-an-endosteal-implant-procedure-benefits-recovery.html,3,0.0,15.0,0.18,228000,"[65,65,82,65,65,100,100,100,82,82,82,82]",2023-09-06,"Sitelinks, Image, People also ask, Indented, Related searches",informational,Organic
gout vs bunion,15,15,1300,24,4.85,https://example.com/info/gout-vs-bunion-understanding-differences-treatment-options.html,3,0.0,14.0,0.04,3140000,"[84,84,84,52,52,52,68,52,100,84,100,84]",2023-09-06,"Sitelinks, Featured snippet, Image, People also ask, Related searches",informational,Organic
are corn nuts healthy,13,0,1000,22,1.19,https://example.com/blog/corn-nuts-healthy-snack-option/,3,0.0,3.0,0.01,105000000,"[62,62,45,45,36,81,62,100,81,81,81,81]",2023-09-10,"Knowledge panel, Sitelinks, Reviews, Featured snippet, People also ask, Related searches",informational,Organic
kratom drug test,23,23,2400,18,4.85,https://example.com/blog/kratom-10-panel-drug-test-nao-medical/,3,0.0,14.0,0.64,1830000,"[55,55,82,82,100,82,65,82,82,82,82,65]",2023-09-04,Sitelinks,"commercial, informational",Organic
kratom drug test,26,26,2400,18,4.85,https://example.com/info/kratom-drug-test-everything-you-need-to-know.html,3,0.0,14.0,0.64,1830000,"[55,55,82,82,100,82,65,82,82,82,82,65]",2023-09-04,Sitelinks,"commercial, informational",Organic
phlebotomist in spanish,17,17,1000,27,2.03,https://example.com/info/phlebotomist-in-spanish-guide.html,3,0.0,6.0,0.01,3470000,"[76,76,67,67,55,76,76,100,76,76,100,76]",2023-09-07,"Instant answer, Image pack, Video, People also ask, Indented, Related searches",informational,Organic
qualia mind,28,21,5400,25,1.04,https://example.com/info/qualia-mind-supplement-boost-cognitive-performance.html,3,0.0,3.0,1.0,1750000,"[81,100,100,100,66,100,81,81,66,54,54,54]",2023-09-10,"Reviews, Video, Image, People also ask, Indented, Related searches","informational, transactional",Organic
bup drug test,27,27,2400,21,9.25,https://example.com/info/bup-drug-test-meaning.html,3,0.0,27.0,0.01,248000000,"[82,100,82,100,82,100,55,100,55,65,65,65]",2023-09-06,,informational,Organic
tremfya dosing,23,23,2400,25,4.08,https://example.com/blog/tremfya-dosing-for-psoriatic-arthritis-nao-medical/,3,0.0,12.0,0.28,25500,"[65,65,55,65,65,82,82,100,82,82,82,65]",2023-09-06,"Image pack, Sitelinks, Featured snippet, Image, Ads top, People also ask, Related searches",informational,Organic
tapioca syrup,24,24,2400,28,1.69,https://example.com/info/is-tapioca-syrup-healthy-benefits-risks-alternatives.html,3,0.0,5.0,0.49,11500000,"[66,52,66,52,66,80,80,100,80,80,80,66]",2023-09-04,"Sitelinks, Reviews, Video, Image, People also ask, Popular products, Related searches",informational,Organic
avocado fodmap,15,15,1000,28,1.07,https://example.com/fodmap-diet-avocado-nao-medical/,3,0.0,3.0,0.01,8240000,"[100,76,67,55,55,100,100,100,76,100,100,100]",2023-09-07,"Image pack, Sitelinks, Reviews, Featured snippet, People also ask, Related searches","commercial, informational",Organic
male vs female bed bug,16,58,1000,23,3.03,https://example.com/info/bed-bugs-male-or-female.html,3,0.0,9.0,0.0,67100000,"[67,55,55,55,67,76,76,100,100,76,100,100]",2023-09-09,"Sitelinks, Reviews, Video, Featured snippet, Image, People also ask, Indented, Related searches",informational,Organic
is alani nu bad for you,14,14,1300,25,7.08,https://example.com/is-alani-nu-pre-workout-bad-for-you/,3,0.0,21.0,0.02,11500000,"[62,62,62,55,30,100,100,100,100,81,81,81]",2023-09-03,"Sitelinks, Reviews, Featured snippet, People also ask, Related searches",informational,Organic
salicylic acid and vitamin c,14,14,1300,25,1.14,https://example.com/info/can-you-mix-salicylic-acid-and-vitamin-c-2.html,3,0.0,3.0,0.95,21100000,"[81,62,81,55,62,81,81,81,81,81,100,81]",2023-09-06,"Sitelinks, Reviews, Video, Image, People also ask, FAQ, Popular products, Related searches","commercial, informational",Organic
is ibs a disability,23,23,1600,25,1.18,https://example.com/info/is-ibs-a-presumptive-disability.html,2,0.0,2.0,0.02,5060000,"[84,84,84,68,52,84,68,100,84,100,84,100]",2023-09-07,"Image pack, Sitelinks, Video, Featured snippet, Image, People also ask, Related searches",informational,Organic
calcinosis cutis dog,18,18,1900,24,1.32,https://example.com/blog/calcinosis-cutis-dog-home-remedy/,2,0.0,2.0,0.01,63800,"[66,79,66,79,66,66,79,100,66,100,79,79]",2023-09-05,"Video, Featured snippet, People also ask, Related searches",informational,Organic
huber needle,26,52,2900,18,1.25,https://example.com/info/port-access-huber-needle-everything-you-need-to-know.html,2,0.0,2.0,1.0,3670000,"[80,80,80,100,80,80,100,100,100,100,80,80]",2023-09-09,"Image pack, Reviews, Video, Image, People also ask, Indented, Popular products, Related searches","commercial, informational",Organic
does vitamin water have electrolytes,17,17,1900,27,2.06,https://example.com/info/does-vitamin-water-zero-have-electrolytes.html,2,0.0,4.0,0.02,21500000,"[79,79,79,66,66,79,79,79,66,66,79,100]",2023-09-07,"Sitelinks, Reviews, Video, Featured snippet, People also ask, Recipes, Related searches","commercial, informational",Organic
calories in a stella artois,20,20,1600,29,8.4,https://example.com/info/calories-in-a-stella-nutritional-content.html,2,0.0,16.0,0.05,699000,"[3,79,79,79,54,100,100,100,100,100,1,2]",2023-09-07,"Reviews, Featured snippet, People also ask, Related searches",informational,Organic
how long does ativan last,30,30,3600,14,6.14,https://example.com/info/how-long-does-ativan-last-for-anxiety.html,2,0.0,12.0,0.0,2710000,"[81,65,81,65,81,100,81,81,81,81,81,81]",2023-09-04,"Sitelinks, People also ask, Related searches",informational,Organic
calcium deposits on teeth,24,24,1900,22,1.29,https://example.com/info/how-to-break-down-calcium-deposits-on-teeth.html,2,0.0,2.0,0.0,2570000,"[66,79,66,79,100,79,79,79,79,79,100,79]",2023-09-04,"Sitelinks, Video, Featured snippet, Image, People also ask, Related searches",informational,Organic
calcium deposits on teeth,25,25,1900,22,1.29,https://example.com/info/how-to-remove-calcium-deposits-on-teeth.html,2,0.0,2.0,0.0,2570000,"[66,79,66,79,100,79,79,79,79,79,100,79]",2023-09-04,"Sitelinks, Video, Featured snippet, Image, People also ask, Related searches",informational,Organic
tobramycin and dexamethasone ophthalmic suspension,29,29,2900,21,2.44,https://example.com/info/tobramycin-dexamethasone-ophthalmic-suspension-pink-eye.html,2,0.0,4.0,0.58,240000,"[66,66,66,66,66,66,80,80,80,80,80,100]",2023-09-04,"Sitelinks, Image, People also ask, Related searches","commercial, informational",Organic
low dose accutane,22,22,1000,25,1.75,https://example.com/info/low-dose-accutane-for-mild-acne.html,1,0.0,1.0,0.19,1430000,"[88,100,100,100,88,100,100,100,100,88,100,100]",2023-09-03,"Sitelinks, Reviews, Video, Indented, Related searches",informational,Organic
bed bugs in couch,23,23,1300,20,2.2,https://example.com/info/get-rid-of-bed-bugs-in-couch.html,1,0.0,2.0,0.21,13300000,"[100,100,84,68,20,68,52,16,68,100,100,84]",2023-09-05,"Sitelinks, Reviews, Video, Image, People also ask, Related searches",informational,Organic
disadvantages of meals on wheels,20,20,1300,27,2.52,https://example.com/info/are-meals-on-wheels-healthy-benefits-risks-tips.html,1,0.0,2.0,0.02,2340000,"[55,55,55,62,81,100,81,81,55,81,62,100]",2023-09-03,"Reviews, Featured snippet, People also ask, Related searches",informational,Organic
cowlick or balding,19,19,1000,20,2.1,https://example.com/info/cowlick-or-hair-loss-understanding-difference-addressing.html,1,0.0,2.0,0.01,78500,"[67,67,76,76,76,67,100,76,67,67,76,76]",2023-09-08,"Sitelinks, Reviews, Featured snippet, People also ask, Related searches",informational,Organic
ketamine overdose,37,37,1600,26,1.29,https://example.com/info/can-you-overdose-on-ketamine-risks-symptoms-treatment.html,1,0.0,1.0,0.01,250000000,"[84,100,68,84,84,68,84,84,68,68,68,84]",2023-09-06,,informational,Organic
aubra eq,22,22,1300,19,1.8,https://example.com/info/aubra-eq-everything-you-need-to-know.html,1,0.0,1.0,0.13,95,"[81,81,81,62,62,81,62,62,81,81,62,81]",2023-09-05,"Sitelinks, Image, People also ask, Related searches","commercial, informational",Organic
greater trochanter fracture,21,21,1000,20,1.01,https://example.com/blog/greater-trochanter-fracture-types-nao-medical/,1,0.0,1.0,0.01,1520000,"[100,76,36,76,76,76,76,100,67,67,76,100]",2023-09-07,"Image pack, Sitelinks, Image, People also ask, Related searches",informational,Organic
white filled,25,25,1300,27,2.18,https://example.com/info/white-pus-filled-bumps-causes-treatment-prevention.html,1,0.0,2.0,0.24,8990000000,"[81,62,62,62,81,81,81,81,81,55,62,62]",2023-09-09,"Image pack, Image, People also ask, Indented, Related searches",informational,Organic
bed bug droppings,35,35,2400,27,4.58,https://example.com/info/bed-bug-fecal-information.html,1,0.0,4.0,0.01,10900000,"[82,100,82,55,65,55,44,82,82,82,82,100]",2023-09-05,"Image pack, Sitelinks, Reviews, Image, People also ask, Related searches",informational,Organic
rib x ray,21,21,1300,28,2.5,https://example.com/info/ribs-x-ray-anatomy-guide.html,1,0.0,2.0,0.0,31500000,"[84,84,11,11,84,100,11,100,11,100,84,84]",2023-09-06,"Image pack, Image, People also ask, Indented, Related searches",informational,Organic
free phlebotomy training,17,17,1300,21,1.56,https://example.com/info/free-phlebotomy-course-nyc.html,1,0.0,1.0,0.45,6170000,"[62,81,62,62,81,100,62,81,81,62,81,62]",2023-09-04,"Sitelinks, Video, People also ask, Related searches","commercial, informational",Organic
are nature valley bars gluten free,19,19,1000,22,2.04,https://example.com/blog/are-nature-valley-chewy-granola-bars-gluten-free/,1,0.0,2.0,0.06,7310000,"[100,76,76,55,45,76,76,76,76,76,76,76]",2023-09-09,"Sitelinks, Reviews, Video, Featured snippet, People also ask, Recipes, Related searches",informational,Organic
ipamorelin side effects,19,19,1000,27,1.39,https://example.com/info/cjc-1295-ipamorelin-and-semaglutide-comprehensive-guide-peptide-therapy.html,1,0.0,1.0,0.03,266000,"[100,100,100,100,76,100,67,100,76,76,76,76]",2023-09-07,"Sitelinks, Featured snippet, Image, People also ask",informational,Organic
constipation fever,24,0,1000,24,1.03,https://example.com/info/can-constipation-cause-fever-in-1-year-old.html,1,0.0,1.0,0.02,103000000,"[76,76,67,100,67,67,67,76,76,100,67,76]",2023-09-09,"Sitelinks, Featured snippet, Image, People also ask, Indented, Related searches","commercial, informational",Organic
does adderall make you last longer in bed,24,24,1300,25,4.01,https://example.com/info/does-adderall-make-you-last-longer.html,1,0.0,4.0,0.04,5560000,"[81,100,81,62,55,62,100,62,62,81,81,62]",2023-09-09,"Image pack, Sitelinks, Featured snippet, People also ask, Related searches",informational,Organic
can dry eyes cause blindness,25,25,1300,20,1.95,https://example.com/info/can-severe-dry-eyes-cause-blindness.html,1,0.0,1.0,0.24,40300000,"[55,55,55,62,81,100,81,100,81,62,81,81]",2023-09-03,"Sitelinks, Featured snippet, Image, People also ask, Related searches","commercial, informational",Organic
does blue cross blue shield cover weight loss injections,29,29,2400,27,1.87,https://example.com/info/does-blue-cross-blue-shield-cover-wegovy-for-weight-loss.html,1,0.0,1.0,0.15,3380000,"[10,20,27,36,44,100,80,80,80,80,80,66]",2023-09-08,"Image, People also ask, Indented, Related searches",informational,Organic
how bad is wisdom teeth removal without anesthesia,21,21,1300,22,5.1,https://example.com/info/wisdom-teeth-removal-without-anesthesia-2.html,1,0.0,5.0,0.01,3780000,"[62,55,55,55,100,100,81,81,62,81,81,81]",2023-09-06,"Sitelinks, Reviews, Featured snippet, People also ask, Related searches",informational,Organic
pure cardio insanity,20,20,1300,27,2.01,https://example.com/how-long-is-the-pure-cardio-workout-for-insanity-nao-medical/,1,0.0,2.0,0.01,73,"[81,62,62,55,100,100,81,100,81,62,81,81]",2023-09-05,"Reviews, Video, People also ask, Related searches",informational,Organic
a los cuantos dias puedo saber si estoy embarazada,33,33,2400,28,1.08,https://example.com/info/a-los-cuantos-dias-puedo-saber-si-estoy-embarazada.html,1,0.0,1.0,0.01,90,"[100,79,100,79,100,100,79,100,79,100,100,100]",2023-09-07,"Sitelinks, Featured snippet, Image, People also ask, Related searches",informational,Organic
amb referral,17,54,1300,27,2.53,https://example.com/blog/amb-referral-to-sleep-medicine-nao-medical/,1,0.0,2.0,0.0,1490000,"[100,81,100,81,62,62,45,45,45,62,100,100]",2023-09-09,"Sitelinks, People also ask, Related searches","commercial, informational",Organic
tretinoin week by week,16,16,1000,11,3.93,https://example.com/info/how-many-times-a-week-should-i-use-tretinoin.html,1,0.0,3.0,0.03,3160000,"[36,30,24,30,100,81,81,81,81,100,81,62]",2023-09-05,"Image pack, Sitelinks, Video, People also ask, Related searches",informational,Organic
avocado fodmap,17,17,1000,28,1.07,https://example.com/blog/avocado-fodmap-diet-nao-medical/,1,0.0,1.0,0.01,8240000,"[100,76,67,55,55,100,100,100,76,100,100,100]",2023-09-07,"Image pack, Sitelinks, Reviews, Featured snippet, People also ask, Related searches","commercial, informational",Organic
how long to lose 40 pounds,17,17,1000,26,1.39,https://example.com/info/is-losing-40-pounds-in-6-months-healthy.html,1,0.0,1.0,0.11,155000000,"[76,67,67,55,76,100,76,76,76,76,76,76]",2023-09-07,"Sitelinks, Reviews, Featured snippet, People also ask, Indented, Related searches",informational,Organic
fortiflora sa,19,19,1300,24,1.39,https://example.com/info/pro-plan-veterinary-supplements-fortiflora-sa-benefits-usage-faqs.html,1,0.0,1.0,1.0,58,"[52,52,68,68,52,84,84,84,100,100,84,68]",2023-09-07,"Knowledge panel, Reviews, Video, Image, People also ask, Related products, Related searches","informational, transactional",Organic
low histamine recipes,18,18,1300,28,1.43,https://example.com/blog/low-histamine-diet-recipes-nao-medical-2/,1,0.0,1.0,0.05,3830000,"[55,81,81,62,62,100,100,100,81,81,62,62]",2023-09-07,"Sitelinks, Reviews, Image, People also ask, Recipes, Related searches",informational,Organic
signs of nerve damage from epidural,23,23,1300,29,1.33,https://example.com/info/treat-nerve-damage-epidural.html,1,0.0,1.0,0.02,1050000,"[62,62,62,55,81,100,81,100,100,100,100,100]",2023-09-03,"Sitelinks, Featured snippet, Image, People also ask, Related searches","commercial, informational",Organic
hepatitis a ab total,22,22,1000,29,1.0,https://example.com/blog/positive-hepatitis-a-ab-total-meaning/,1,0.0,1.0,0.02,27800000,"[76,67,67,67,67,76,100,100,100,100,76,76]",2023-09-04,"Sitelinks, Featured snippet, People also ask, Related searches","commercial, informational",Organic
milk protein concentrate,36,36,1000,21,1.45,https://example.com/info/is-milk-protein-concentrate-the-same-as-whey.html,0,0.0,0.0,1.0,29100000,"[76,67,67,55,55,76,76,76,76,76,76,76]",2023-09-06,"Knowledge panel, Reviews, Image, People also ask, FAQ, Recipes, Indented, Popular products, Related searches",informational,Organic
m shaped hairline,48,48,1600,18,3.66,https://example.com/info/m-shape-hair-loss-causes-treatments-prevention.html,0,0.0,0.0,0.01,12600000,"[84,100,84,84,84,100,68,84,84,100,84,84]",2023-09-06,"Image pack, Sitelinks, Reviews, Video, Image, People also ask, Related searches",informational,Organic
antibacterial deodorant,93,93,1000,25,1.05,https://example.com/info/antibacterial-deodorant-for-women.html,0,0.0,0.0,1.0,9540000,"[76,100,76,67,55,67,76,67,67,67,100,100]",2023-09-09,"Sitelinks, Reviews, Video, Image, People also ask, Popular products, Related searches","commercial, informational",Organic
esophageal polyps,45,45,1300,23,1.85,https://example.com/info/percentage-of-cancer-with-polyps-in-esophagus.html,0,0.0,0.0,0.04,2630000,"[81,36,81,36,100,55,81,45,100,100,100,81]",2023-09-06,"Sitelinks, People also ask, Related searches",informational,Organic
bvab 2,37,37,2400,24,1.94,https://example.com/info/bvab-2-high-meaning-importance-impact.html,0,0.0,0.0,0.01,57500,"[100,79,100,79,79,100,100,100,100,100,100,100]",2023-09-05,"Sitelinks, People also ask, Related searches",informational,Organic
taco bell nacho bell grande,43,43,2400,21,1.55,https://example.com/health/calories-in-nacho-bell-grande-taco-bell/?amp=1,0,0.0,0.0,0.01,4460000,"[82,82,82,82,82,82,82,100,100,100,100,65]",2023-09-08,"Sitelinks, Reviews, Video, People also ask, Recipes, Twitter carousel, Indented, Related searches",informational,Organic
how long does it take low dose naltrexone to work,82,82,1300,3,2.35,https://example.com/info/low-dose-naltrexone-long-covid.html,0,0.0,0.0,0.05,1330000,"[62,55,1,62,62,81,100,100,100,100,100,100]",2023-09-06,"Sitelinks, Indented, Related searches",informational,Organic
gin shots,25,25,1000,28,1.49,https://example.com/info/calories-in-gin-shot.html,0,0.0,0.0,0.07,31600000,"[100,76,100,100,100,100,76,100,100,100,76,45]",2023-09-03,"Sitelinks, Reviews, Image, People also ask, Recipes, Popular products, Related searches",informational,Organic
can toothache cause headache,43,43,1300,23,2.34,https://example.com/info/can-tooth-pain-cause-headache.html,0,0.0,0.0,0.06,4600000,"[68,84,84,84,25,20,20,84,84,84,84,68]",2023-09-05,"Sitelinks, Video, Featured snippet, Image, People also ask, Related searches",informational,Organic
cryotherapy cost,36,36,1000,21,1.07,https://example.com/blog/cryotherapy-houston-cost-benefits-expectations/,0,0.0,0.0,0.28,20400000,"[100,100,76,76,76,76,67,100,76,76,76,100]",2023-09-06,"Sitelinks, Featured snippet, Image, People also ask, Related searches",informational,Organic
life expectancy after colon resection,52,52,2900,24,1.93,https://example.com/info/how-long-can-you-live-after-colon-cancer-surgery-survival-rates-factors-prognosis.html,0,0.0,0.0,0.07,280000,"[36,52,66,80,66,100,100,100,100,66,80,80]",2023-09-04,"Sitelinks, Featured snippet, Image, People also ask, Related searches",informational,Organic
6 panel drug test,48,48,1000,29,2.3,https://example.com/blog/what-is-on-a-6-panel-drug-test/,0,0.0,0.0,0.99,231000000,"[100,76,76,67,76,76,76,100,100,100,100,100]",2023-09-06,"Reviews, Image, People also ask, Popular products, Related searches",informational,Organic
mini cucumbers,93,0,4400,19,1.13,https://example.com/info/mini-cucumber-nutrition-facts-benefits-uses-tips.html,0,0.0,0.0,1.0,511000000,"[81,54,54,54,54,54,43,81,81,100,81,81]",2023-09-09,"Image pack, Reviews, Image, People also ask, Recipes, Popular products, Related searches","informational, transactional",Organic
twinrix vaccine,51,51,2900,27,2.09,https://example.com/blog/twinrix-vaccine-schedule-nao-medical/,0,0.0,0.0,0.03,199000,"[100,80,80,80,52,66,66,80,66,100,66,100]",2023-09-05,"Knowledge panel, Sitelinks, Image, People also ask, Related searches",informational,Organic
panorama prenatal testing,40,40,1600,25,2.27,https://example.com/blog/panorama-prenatal-screening-test-nao-medical/,0,0.0,0.0,0.06,797000,"[79,4,66,66,66,79,100,79,79,79,66,5]",2023-09-05,"Image pack, Sitelinks, Image, People also ask","commercial, informational",Organic
knee feels tight,39,39,1300,27,1.73,https://example.com/info/why-does-my-knee-feel-swollen-and-tight.html,0,0.0,0.0,0.02,274000000,"[68,68,84,68,52,84,68,84,84,100,84,84]",2023-09-06,"Sitelinks, Video, Featured snippet, Image, People also ask, Indented, Related searches",informational,Organic
gliadin antibody,43,43,1000,28,1.88,https://example.com/info/igg-gliadin-antibody-causes-symptoms-treatment.html,0,0.0,0.0,0.01,342000,"[76,76,76,67,55,76,76,100,76,100,76,76]",2023-09-07,"Knowledge panel, Sitelinks, Reviews, Video, Image, People also ask, Related searches",informational,Organic
how long does ketamine last,52,52,2400,11,2.61,https://example.com/info/how-long-does-ketamine-last.html,0,0.0,0.0,0.04,16500000,"[65,65,65,82,100,82,82,82,82,82,82,82]",2023-09-08,Indented,informational,Organic
can tmj cause dizziness,81,81,1000,19,1.15,https://example.com/blog/can-tmj-cause-stroke-like-symptoms/,0,0.0,0.0,0.02,475000,"[100,88,88,88,88,100,100,100,88,100,100,100]",2023-09-05,"Sitelinks, Featured snippet, Image, People also ask, Indented, Related searches",informational,Organic
how much does it cost to fix a chipped tooth,29,29,1300,20,2.5,https://example.com/info/how-much-does-it-cost-to-repair-a-chipped-tooth.html,0,0.0,0.0,0.25,9410000,"[81,62,81,62,81,81,62,81,81,81,81,62]",2023-09-06,"Sitelinks, Reviews, Video, Featured snippet, People also ask, Related searches",informational,Organic
how much does it cost to fix a chipped tooth,30,30,1300,20,2.5,https://example.com/info/chipped-front-tooth-repair-cost.html,0,0.0,0.0,0.25,9410000,"[81,62,81,62,81,81,62,81,81,81,81,62]",2023-09-06,"Sitelinks, Reviews, Video, Featured snippet, People also ask, Related searches",informational,Organic
how to sleep with upper back pain,28,28,1000,28,1.14,https://example.com/info/best-sleeping-position-for-upper-back-pain.html,0,0.0,0.0,0.03,193000000,"[100,67,76,76,76,76,55,76,67,76,76,67]",2023-09-06,"Sitelinks, Featured snippet, Image, People also ask, Related searches","commercial, informational",Organic
how to sleep with upper back pain,29,29,1000,28,1.14,https://example.com/info/sleeping-positions-upper-back-pain.html,0,0.0,0.0,0.03,193000000,"[100,67,76,76,76,76,55,76,67,76,76,67]",2023-09-06,"Sitelinks, Featured snippet, Image, People also ask, Related searches","commercial, informational",Organic
jardiance para que sirve,27,27,1000,27,1.97,https://example.com/blog/jardiance-para-la-diabetes/,0,0.0,0.0,0.04,128000,"[55,67,100,55,76,67,67,100,100,76,76,100]",2023-09-04,"Sitelinks, Featured snippet, Image, People also ask, Related searches",informational,Organic
bulk pre workout,41,41,1900,19,2.43,https://example.com/bulk-pre-workout-ingredients/,0,0.0,0.0,1.0,19800000,"[100,79,66,79,79,100,79,79,79,79,100,79]",2023-09-05,"Reviews, Video, Image, People also ask, Popular products, Related searches","informational, transactional",Organic
can dry eyes cause blurry vision,55,55,1900,23,1.62,https://example.com/blog/dry-eye-blurry-vision-causes-symptoms-treatment-nao-medical/,0,0.0,0.0,0.12,3990000,"[79,66,79,79,79,100,79,100,79,66,66,66]",2023-09-07,"Sitelinks, Featured snippet, Image, People also ask, Related searches",informational,Organic
how long does mascara last,47,47,1600,17,3.71,https://example.com/info/mascara-expiration-guide.html,0,0.0,0.0,0.01,95000000,"[84,52,84,84,100,100,100,100,84,84,68,52]",2023-09-06,"Sitelinks, Reviews, Video, Featured snippet, People also ask, Related searches",informational,Organic
niacinamide vs hyaluronic acid,27,0,1300,25,1.06,https://example.com/info/hyaluronic-acid-niacinamide-first.html,0,0.0,0.0,0.01,23000000,"[55,55,55,62,62,81,81,100,62,81,100,100]",2023-09-09,"Sitelinks, Reviews, Featured snippet, Image, People also ask, FAQ, Related searches","commercial, informational",Organic
lean body protein shake,47,43,6600,29,1.04,https://example.com/where-to-buy-lean-body-protein-shakes/,0,0.0,0.0,1.0,12400000,"[81,81,81,54,54,100,81,100,100,100,100,100]",2023-09-10,"Sitelinks, Reviews, Image, Shopping ads, People also ask, Related searches","informational, transactional",Organic
seattle to boise,77,77,1900,27,1.04,https://example.com/info/driving-from-seattle-to-boise.html,0,0.0,0.0,0.12,53300000,"[100,79,66,79,79,66,66,79,66,79,79,79]",2023-09-05,"Instant answer, Image pack, Sitelinks, Reviews, Video, Image, People also ask, Flights, Indented, Related searches",informational,Organic
magtech magnesium,72,72,1000,12,4.73,https://example.com/info/magtech-magnesium-lemonade-benefits-recipes-faqs.html,0,0.0,0.0,1.0,98100,"[67,55,76,76,76,100,76,100,76,76,100,100]",2023-09-07,"Knowledge panel, Reviews, Video, Image, People also ask, Indented, Related products, Related searches","informational, transactional",Organic
femoral endarterectomy,41,41,1900,27,2.02,https://example.com/info/how-long-does-a-femoral-endarterectomy-procedure-take.html,0,0.0,0.0,0.01,561000,"[66,66,66,100,66,66,100,100,100,79,79,79]",2023-09-05,"Featured snippet, People also ask, Related searches","commercial, informational",Organic
suboxone half life,79,79,1000,27,4.63,https://example.com/info/how-long-is-suboxone-in-system.html,0,0.0,0.0,0.01,262000000,"[55,76,76,76,55,67,100,76,76,100,76,55]",2023-09-06,People also ask,informational,Organic
vitamin r,62,62,1000,27,1.11,https://example.com/info/benefits-of-malk-vitamin-r.html,0,0.0,0.0,0.02,1590000000,"[76,67,76,67,67,100,76,100,100,100,76,76]",2023-09-06,"Knowledge panel, Image pack, Reviews, People also ask, Related searches","informational, transactional",Organic
costco gluten free bread,52,52,1600,25,1.01,https://example.com/blog/are-costco-smoothies-gluten-free/,0,0.0,0.0,0.99,9800000,"[84,52,84,84,68,84,84,100,84,100,84,100]",2023-09-05,"Image pack, Reviews, Image, Video Carousel, People also ask, Recipes, Indented, Related searches",informational,Organic
durolane injection,49,0,4400,24,2.26,https://example.com/info/durolane-injection-side-effects.html,0,0.0,0.0,0.18,86500,"[81,66,81,81,66,81,81,100,81,81,81,81]",2023-09-09,"Sitelinks, Reviews, Image, People also ask, Related searches",informational,Organic
16 panel drug test,50,50,1000,19,1.1,https://example.com/blog/16-panel-drug-test-nyc-nao-medical/,0,0.0,0.0,0.45,283000000,"[76,76,76,55,55,67,67,76,67,76,100,76]",2023-09-08,"Ads bottom, People also ask","commercial, informational",Organic
does astigmatism get worse,28,28,1000,23,1.26,https://example.com/blog/astigmatism-getting-worse-nao-medical/,0,0.0,0.0,0.01,1400000,"[67,67,76,76,76,100,76,100,76,76,76,76]",2023-09-03,"Sitelinks, Featured snippet, Image, People also ask, Related searches",informational,Organic
turkey burger calories,67,0,2900,29,1.11,https://example.com/health/calories-in-half-pound-hamburger-guide/?amp=1,0,0.0,0.0,0.02,31100000,"[81,43,43,36,29,81,81,81,81,65,65,81]",2023-09-09,"Sitelinks, Reviews, Video, Featured snippet, People also ask, Recipes, Related searches",informational,Organic
itchy teeth,38,38,1000,26,1.36,https://example.com/blog/itchy-teeth-covid-nao-medical/,0,0.0,0.0,0.01,16700000,"[67,67,100,100,76,45,76,45,100,76,67,67]",2023-09-03,"Sitelinks, Video, Featured snippet, Image, People also ask, Indented, Related searches",informational,Organic
vaginal lightening,86,86,1600,19,1.11,https://example.com/info/how-to-lighten-your-vag-tips-and-tricks.html,0,0.0,0.0,1.0,2020000,"[20,54,54,54,79,79,79,100,79,66,79,79]",2023-09-04,"Sitelinks, Reviews, Ads bottom, People also ask, FAQ, Related searches","commercial, informational",Organic
ketamine withdrawal,42,41,1000,14,2.8,https://example.com/info/ketamine-withdrawal-symptoms-treatment-support.html,0,0.0,0.0,0.13,269000000,"[76,67,76,76,76,76,76,76,67,100,76,67]",2023-09-10,,informational,Organic
sermorelin benefits,31,0,1300,29,1.64,https://example.com/info/benefits-semaglutide-sermorelin-improved-health-wellness-3.html,0,0.0,0.0,0.01,242000,"[81,62,100,100,62,81,81,81,62,62,100,100]",2023-09-10,"Sitelinks, Featured snippet, Image, People also ask, Related searches",informational,Organic
jevity 1.5 nutrition,47,47,1900,27,3.25,https://example.com/info/calories-in-jevity-1-5-guide.html,0,0.0,0.0,0.96,69700,"[79,79,100,100,79,100,100,100,79,79,79,79]",2023-09-06,"Knowledge panel, Reviews, Image, People also ask, Indented, Related searches",informational,Organic
bruised tooth,31,31,1300,27,2.36,https://example.com/info/bruised-gum-around-tooth-causes-symptoms-treatment.html,0,0.0,0.0,0.01,4480000,"[84,52,68,84,52,68,84,68,68,84,84,84]",2023-09-05,"Image, People also ask, Indented, Related searches",informational,Organic
